{"cameraMode":{"drawMode":0,"name":"Shaded","section":"Shading Mode"},"sceneLighting":true,"audioPlay":false,"sceneViewState":{"m_AlwaysRefresh":false,"showFog":true,"showSkybox":true,"showFlares":true,"showImageEffects":true,"showParticleSystems":true,"showVisualEffectGraphs":true,"m_FxEnabled":true},"in2DMode":false,"pivot":{"x":3.0870418548583986,"y":0.8258905410766602,"z":6.181599140167236},"rotation":{"x":-0.10762647539377213,"y":0.5973642468452454,"z":-0.08132565766572952,"w":-0.7905464172363281},"size":12.241260528564454,"orthographic":false}